"Path","Hash"
"C:\aureon-swarm\ASI_FINAL_BUNDLE.zip","795C23E4C5EFD08982B6D7FBBBF87BC29B83C4093E956EFA3B67D7E54A2596AC"
"C:\aureon-swarm\ASI_OPERATIONAL_ARTIFACTS_SUMMARY.txt","DE889483593B3FD7468F2E554BD43FE872D95FABAD799B2764588EECEA20F8DB"
"C:\aureon-swarm\ASI_OPERATIONAL_AUDIT_CHECKLIST.md","E431610127C42BF77DD2460BF2AFC16D6A13BC39BD03DCC096D2178F4FA16901"
"C:\aureon-swarm\ASI_OPERATIONAL_BUNDLE.zip","ABB50A5FB171B0EF239D0523C0EAA0755F75346C9FE09F49D0B04B94EC29F33F"
"C:\aureon-swarm\ASI_OPERATIONAL_MANIFEST_SHA256.csv","8643F762A38A57ADF203D3ECD8DDBB4E314DC907E95D098B62A1E0ED8E0892AF"
"C:\aureon-swarm\AUDIT_CHECKLIST.md","555B7FF4BDD01A7593F9833451A043C08FF36099171E929F2E3597A17503AB01"
"C:\aureon-swarm\AUDIT_RH_CHECKLIST.md","86F54C173FD7BA9EF6C5D270BA61BA3554A322D57526736847C8D8C294451957"
"C:\aureon-swarm\Aureon Swam Agents.zip","8739C76E681F900923B900C9DF0EF75CF421D39CABB54650C4B9AD19B6A76D85"
"C:\aureon-swarm\convergence_matrix.csv","CD617F3A53F242C238FD647D4B3978BE2B4E3CED06CD02F24210B06B0AB5790E"
"C:\aureon-swarm\convergence_summary.txt","1B699DAB9634D75FEFF0C5FBBB2E50FD577446A6CE6CC147C12B72250F3CC931"
"C:\aureon-swarm\LLM_EVALUATION_CORPUS.txt","708AD4059CBB7DD9C8951F065AC57AECB85CC2CBED9AB23255623BE935C99BA4"
"C:\aureon-swarm\New Compressed (zipped) Folder.zip","8739C76E681F900923B900C9DF0EF75CF421D39CABB54650C4B9AD19B6A76D85"
"C:\aureon-swarm\PROOF_MANIFEST_SHA256.csv","E2FB6E704C808F1245A1EA0FB68AC581F0F24013217FF6643918BA519B5A8623"
"C:\aureon-swarm\README.md","49F23C7C82E35D5F29A96BBE6F37672523171A8B440E064960908F855646E52F"
"C:\aureon-swarm\RESULTS_BUNDLE.zip","769877A9D70F329180ADB224366A100D733D00383BDB072E540122B886210341"
"C:\aureon-swarm\RH_AUDIT_MANIFEST_SHA256.csv","1A10246D58F2C094D81C6B68B0C85AEB35E8EE306456A7741873F192AC69E367"
"C:\aureon-swarm\RH_AUDIT_RECOMPUTE.csv","1A10246D58F2C094D81C6B68B0C85AEB35E8EE306456A7741873F192AC69E367"
"C:\aureon-swarm\RH_ZEROS_AGGREGATED.json","96E6B2E2AE54A84B8A6787F68BEF0248949A80B60F7B9910F68D9FFD57303232"
"C:\aureon-swarm\RH_ZEROS_AGGREGATED.zip","12C26CA973CCE6E1641E86D87C0DCCA73825E4C7F90923646A685DF257B2378E"
"C:\aureon-swarm\RH_ZEROS_AUDIT_BUNDLE.zip","B52F4499BA89E8C96CFD928EAD3BBA11B500BE3AA996E7C55B12BF12277C67CA"
"C:\aureon-swarm\RH_ZEROS_FINAL_BUNDLE.zip","B52F4499BA89E8C96CFD928EAD3BBA11B500BE3AA996E7C55B12BF12277C67CA"
"C:\aureon-swarm\RH_ZEROS_REPRODUCE_BUNDLE.zip","B52F4499BA89E8C96CFD928EAD3BBA11B500BE3AA996E7C55B12BF12277C67CA"
"C:\aureon-swarm\VERIFY.ps1","E5E06DBCEC0108D6E84AD371EF0D62921795B3138A4FEF80B477C28D9B9C5F25"
"C:\aureon-swarm\zeros_agent_01.json","383C01B010EA2A20EDD91F306880E9CDA2C7D6F539312AECE89F278BA54D7D7B"
"C:\aureon-swarm\agents\agent_01\mission_agent_01.json","B405228B868B368AE92777A8AA6C8031147CBD8577E34DECC3E6D480F42011D8"
"C:\aureon-swarm\agents\agent_01\run_agent.py","7154AB8C5652F1415AA25AD2935EE4C9F095150322A21C5C5A0D3792253D7BFA"
"C:\aureon-swarm\agents\agent_01\run_zeta.py","7124243AB671D2AE2A48D9B24883C6562DF18AE03CFECF17839FA1E41C63103C"
"C:\aureon-swarm\agents\agent_01\TASK.txt","22F13A83E10414930DD13C10D11BC1F7A6FAE86350777EED2180A973B15C41F1"
"C:\aureon-swarm\agents\agent_01\__main__.py","E2149034AF30C3C62AFE9BB50CCE49C3633C0CDA262674079BD72D95E19FAAC5"
"C:\aureon-swarm\agents\agent_02\mission_agent_02.json","0368593B2BE628194B642035A6804DAAFB049C1DD4E9E150EC33B95F0C5F64A4"
"C:\aureon-swarm\agents\agent_02\run_agent.py","048B16A3E85C5E793513C4CEC79BFA937FF42AD337920C01CEA0832D9927F008"
"C:\aureon-swarm\agents\agent_02\run_zeta.py","146ABFF9641CDFFD9355720A02E00D44C72936D4016948DAB60F578F1E28D21F"
"C:\aureon-swarm\agents\agent_02\TASK.txt","7891C7DE3FEC708545F287F0018223DFFD5100E8900BB1198DC15245E87C85C3"
"C:\aureon-swarm\agents\agent_02\__main__.py","800EC3E1C3A0548C650A572B8AEBAF665C409758A5D4BCE50D617E606C9E4013"
"C:\aureon-swarm\agents\agent_03\mission_agent_03.json","9B301301F66F1252B711B79B52914185CF547C2791CEDF9EFDC76F8E3833630A"
"C:\aureon-swarm\agents\agent_03\run_agent.py","925BB1F9E3D39BA3F8FE30BCC6870BBC5B77EAE08EFD8A544563A450D3F8A006"
"C:\aureon-swarm\agents\agent_03\run_zeta.py","41F89E1B522161E9033BD37551CE7508DA3C8CF8F4397DD845EDFD2CCE12D9FB"
"C:\aureon-swarm\agents\agent_03\TASK.txt","D2209CD37E2942C2BBB41E81CFA79B82F496D2EE6AC9C59F06643590F68C0D3B"
"C:\aureon-swarm\agents\agent_03\__main__.py","141CC2728E866A77FBA9007D319576947D33378B345772EA4594A5C705D62439"
"C:\aureon-swarm\agents\agent_04\mission_agent_04.json","A41606643DF3FFF7F785FD633AB633FBB1941475A16C3298E2BDCAC31FE8DE10"
"C:\aureon-swarm\agents\agent_04\run_agent.py","55CB42571374C7117A184E379F2580D14A779182CECDE8BA5C2CF0B10BE371EE"
"C:\aureon-swarm\agents\agent_04\run_zeta.py","2C767F66B74D72748EBEDA66D2745BD4DCCC31D2428B3823BCBE2EF1DCBC1B3E"
"C:\aureon-swarm\agents\agent_04\TASK.txt","4B14DC8F061BC8A302994F0725FC83C1F9C1FA536E7FB1D657B41609EDBB140B"
"C:\aureon-swarm\agents\agent_04\__main__.py","4405BD6BE92C611AA28C6C551078C166101507BADE6F51D376DDC66036417594"
"C:\aureon-swarm\agents\agent_05\mission_agent_05.json","145FFFB0353D7C1BDBE763B21B88A1B5B2C0A3773AE903FC4F02B579EF9DBCCA"
"C:\aureon-swarm\agents\agent_05\run_agent.py","B476C7ED3DBDD35268B7860713BB450440C80A1B6C9601B47451AA8C84B6D3C3"
"C:\aureon-swarm\agents\agent_05\run_zeta.py","FF1FE0C9A72E4F412CDC2238218D4D23BFD85B498B353BDAA38234E55536E696"
"C:\aureon-swarm\agents\agent_05\TASK.txt","2AC76E021D611C0F687E43EF1DD1C7E5C1BB64457AE726DDD5C006BFF23254D7"
"C:\aureon-swarm\agents\agent_05\__main__.py","B15E0625631EF29AC37D38648546C36F5B6933519E6BAD5632851C05DA22A56F"
"C:\aureon-swarm\agents\agent_06\mission_agent_06.json","D6973727C8ADE3252E8F71DA45ABD89C88E41ADE4D2FD4AFC1C9597A2A18BBC3"
"C:\aureon-swarm\agents\agent_06\run_agent.py","520FE8250128C7F5CD65A281A7091E596E84F97758CC17CCDE33A70406BC1478"
"C:\aureon-swarm\agents\agent_06\run_zeta.py","1146D31ACA9DA610F66E31D7047370A91C5450FBBE340F9A5BD8AE4EDA341AF6"
"C:\aureon-swarm\agents\agent_06\TASK.txt","727410569C7BC8C0257B08C1F805227E29FE2A0829B3DCBBC6BDC8CA1C7ABD8D"
"C:\aureon-swarm\agents\agent_06\__main__.py","96ED3FB7356B85E2123AAA09AA506CD9E478BAA34BA9AE7AE10368732DAE9DD6"
"C:\aureon-swarm\agents\agent_07\mission_agent_07.json","B74AE8D4D945CD17AE1AE48BC01F646A8B163009A70C6CA05F5853176816E418"
"C:\aureon-swarm\agents\agent_07\run_agent.py","53D2587990C26A0E1D3C8514EF15919DE4BDE90B975B8B0D37CBAF81A476A1D1"
"C:\aureon-swarm\agents\agent_07\run_zeta.py","4F2332B3004E0F1D36C75E1A235F02ACB99CFE3FB0D31D6C38F5E13730725BC0"
"C:\aureon-swarm\agents\agent_07\TASK.txt","FEA0AED503187CAD97823AA6744EC62DA1B8CFBCDC1C1303611D9FC309026A6F"
"C:\aureon-swarm\agents\agent_07\__main__.py","645D6E4F43D2303A3BFA7D4BEB489F29D2ED21EE9AD66E7FC2B7C864131A3C2F"
"C:\aureon-swarm\agents\agent_08\mission_agent_08.json","F819D0FEA74369A36697B9D784AD919C4FE8AFE8EB28D85536E7B9AEC3CC9382"
"C:\aureon-swarm\agents\agent_08\run_agent.py","FF37B8BBFCD2353DC3A8627516C74F5C490E2E8BF81E33292AB85244862E1A51"
"C:\aureon-swarm\agents\agent_08\run_zeta.py","4BE847A29D73D8F9A134CF6A30C7FC3ECC4F0DECFFA519C27ED5FEC58089A439"
"C:\aureon-swarm\agents\agent_08\TASK.txt","B8CC9DB8E5716F84B0C6886A6D0319607EB2A271FE50715FA6B6F81DAF5D06DE"
"C:\aureon-swarm\agents\agent_08\__main__.py","779DEDAB6AF10415DAE510E2D8D1056DBD3C7F52CD9A3FFDCE208543719D8958"
"C:\aureon-swarm\agents\agent_09\mission_agent_09.json","006787B3061543442E82266DDBB30A2B4C5BD0D2CC0B87D4CEBE6DE794F7E04F"
"C:\aureon-swarm\agents\agent_09\run_agent.py","53D5FE30289CAE8028CCAD8ADB2224276F84CC13444086156D52B2D3EA8289C6"
"C:\aureon-swarm\agents\agent_09\run_zeta.py","D765CB14FF936C3F6163F0E1A2D4CBFADC22CF1C89651F3FDCDEE725D8A4C42E"
"C:\aureon-swarm\agents\agent_09\TASK.txt","14349A3EAA1D80E1007ED0A13DBE2A86023425436811C6025BABB872C143EBD4"
"C:\aureon-swarm\agents\agent_09\__main__.py","C7A04239979D75BAE5E12A96AD258F30751B42F6FB93EA2FDB3B329E8CA18453"
"C:\aureon-swarm\agents\agent_1\mission_agent_1.json","4CB1689E3B3F8205B70F9EFC5477497EC09EC9A18157191F67E49C041DFD775B"
"C:\aureon-swarm\agents\agent_1\run_agent.py","9D7DA977E0FA1849B1CFD109501CD88668C7EDAA7316B9A3995ED3031A55E50C"
"C:\aureon-swarm\agents\agent_1\run_zeta.py","7124243AB671D2AE2A48D9B24883C6562DF18AE03CFECF17839FA1E41C63103C"
"C:\aureon-swarm\agents\agent_1\TASK.txt","2E84FC198B880627066954541B5B454AC07A81A52BA0D3C86422D7CF1217B2C2"
"C:\aureon-swarm\agents\agent_1\zeros_agent_1.json","48D22D2CB6D8D36B2DD058AA988EB88EEC9C521FBA8163337FEF644DE10AADB9"
"C:\aureon-swarm\agents\agent_10\mission_agent_10.json","ADFAED7F58AC1A9E1519268073F85E8FA4227EEC8A6F063D397DB7621BA62B11"
"C:\aureon-swarm\agents\agent_10\run_agent.py","E511AE44DC2CBFB18AAA077F8AF5C10FE6E921077BB58DC0807A6FA9FDFA3B56"
"C:\aureon-swarm\agents\agent_10\run_zeta.py","D17C60A72654C06B080252E42E9578EB575C8931632A6C37E20D07B276E77588"
"C:\aureon-swarm\agents\agent_10\TASK.txt","39F3C2DD6AFE74556A619D346C74D667CBCEDAAE9E573D41662724B23DD4EA66"
"C:\aureon-swarm\agents\agent_10\zeros_agent_10.json","8198AF85813A34698EB441A409EB250A1BE08FC77B99C6D4A02B16CF5B1640B8"
"C:\aureon-swarm\agents\agent_10\__main__.py","A477AAE3691B7AB7FCB157C7174469E39A9083BB147507AA1654A22DC85448B8"
"C:\aureon-swarm\agents\agent_11\mission_agent_11.json","CF1055BB7A09022F9497F42EF67E6134727CB4EE3233E7C787CA14B164437FB6"
"C:\aureon-swarm\agents\agent_11\run_agent.py","9949B16F94A4C285B429B531A1636FB691F7891521B27B5F2D7E3769044A50AD"
"C:\aureon-swarm\agents\agent_11\run_zeta.py","741476887C1FB8B89BB19F460B1B8FBAF16D52A0572B1BFE32093A23DAF0C741"
"C:\aureon-swarm\agents\agent_11\TASK.txt","40976873C5387A02045A03F1FBEC4FC50F4F9A6586AAD92A626F9FFBC51677F7"
"C:\aureon-swarm\agents\agent_11\__main__.py","F3E36B59433D9F9EA82746CF185882385080DB00ABB4BDC0274A887549F64081"
"C:\aureon-swarm\agents\agent_12\mission_agent_12.json","6EB5829ABBEF4752350EE6AA1FCD66E9361F3FEBCF7DA3964ABDA30899839411"
"C:\aureon-swarm\agents\agent_12\run_agent.py","77AB912AA1D4DF1F2C60F4A0C9B4427448DA9F79ADD51DDE40823D820D845817"
"C:\aureon-swarm\agents\agent_12\run_zeta.py","192F524F75C4ADE9C628B67F5F73457D124CB83B88DD589B42AA4139A879EC14"
"C:\aureon-swarm\agents\agent_12\TASK.txt","7B359DC6DCCBE5AA03121A7F64A6A4221B06AA44E6A579E1073F1DD00ADD2767"
"C:\aureon-swarm\agents\agent_12\__main__.py","E4A17553C2CE3BB4DA9EBD2A7C9B6CEB487F01AC073C8C91CBF12B33B1455D8D"
"C:\aureon-swarm\agents\agent_13\mission_agent_13.json","DC9F624B8D66C0158EB3975DD4C807095D00F4C5B76F5BF9197FD9080D56FA02"
"C:\aureon-swarm\agents\agent_13\run_agent.py","C3D25B25956C49FDE0C7E6D77095757595AABAC73EF0F13CCE28C72F86840C65"
"C:\aureon-swarm\agents\agent_13\run_zeta.py","0CADBF5D76D447744CDDF96C5B498E8E2149D7F33DF89FA753A3E906E4C2E7D1"
"C:\aureon-swarm\agents\agent_13\TASK.txt","2A27D79172E40F65DBF9A9507155CCC67023FD0650A4182DD3A884603B96F588"
"C:\aureon-swarm\agents\agent_13\__main__.py","DB6ADF9E22A96491A1F04AF62EDD8D230082482CAE221B9D6867E06E6198689C"
"C:\aureon-swarm\agents\agent_14\mission_agent_14.json","CF26B6A3F6D0CA88CAC9206066C2D04E4B10431FCF8D3C7F8256B96AE96E1938"
"C:\aureon-swarm\agents\agent_14\run_agent.py","532DE438221C0F05A9687ADAC19742AF099E29AC583E8E1818244EB1D3B1B499"
"C:\aureon-swarm\agents\agent_14\run_zeta.py","5A3800F4DFA8799B0D6CF9E18A6983C3452A38B257D1C9E5F5AD89CE500AA211"
"C:\aureon-swarm\agents\agent_14\TASK.txt","E74C96316751B0BA3A5AE4ABD144EC8239A8D37B4BD2B4E2DB05CD81F2DD7F2E"
"C:\aureon-swarm\agents\agent_14\__main__.py","675FD2EB34E83614B7FA418D14164560347D75B6C5E434D2865D041AE84A345D"
"C:\aureon-swarm\agents\agent_15\mission_agent_15.json","077E9C1D9DCC3C803D4B70566E07944F4CCC144472693718F9E1003F6D81FDCE"
"C:\aureon-swarm\agents\agent_15\run_agent.py","86D268E224DADA105977690756AA17A2B5BBA994C1ACD636CFD091714436B8C9"
"C:\aureon-swarm\agents\agent_15\run_zeta.py","2A16B0FEF71A10C58121EA222781AE62025E67EC618EEBFD06040100DD2C487A"
"C:\aureon-swarm\agents\agent_15\TASK.txt","32F25B714865FCABDA1D75D5149C05CE5509EF49705A434D87866873D5582663"
"C:\aureon-swarm\agents\agent_15\__main__.py","480BABCD054AA29CB1729C00E66473F0B561E2B26A97297A1930C546EC470719"
"C:\aureon-swarm\agents\agent_16\mission_agent_16.json","E1CB438982658CA25BA1824E65976BA24F8AF6EC60F1E28E3AF003F23A4C706F"
"C:\aureon-swarm\agents\agent_16\run_agent.py","8F701349D61F0874D7249A53B9A752B1FB3C69E65F36802CBAD788D1480DB207"
"C:\aureon-swarm\agents\agent_16\run_zeta.py","D5181B11D2DDB54817DC16C38218D9774468265A8D5636F4E40CD9D8455A3E48"
"C:\aureon-swarm\agents\agent_16\TASK.txt","95313C5CE71315951D89BEA18098AE44ED420690F8DE8F67A56649A2131E0C57"
"C:\aureon-swarm\agents\agent_16\__main__.py","B680AE1443B5A480B50BBC492EA2553CC56F7923A6E8B3460AFFEBD7C7AA156B"
"C:\aureon-swarm\agents\agent_17\mission_agent_17.json","1F9C9757A7F470DDDDC85CE69F912ABFF5970F52DE85076880E6490A9D5CAE33"
"C:\aureon-swarm\agents\agent_17\run_agent.py","E7BC06BFA41AD907F8280A59D526407EE16DC6A5AF4BAF61E4325CB882D94CCF"
"C:\aureon-swarm\agents\agent_17\run_zeta.py","AB4C220FD7E9E2BE7E1983CCB3E4F739D92863D12E97C0382112535D6665F477"
"C:\aureon-swarm\agents\agent_17\TASK.txt","CC485AF64658D052E9FCAB8EEA3048036A72723ADCFA3610AB64A5460BFF2501"
"C:\aureon-swarm\agents\agent_17\__main__.py","B21FEBE2D3D2FBBD98F4B6744FC8DCCDF8B52840F3BB8161D1B2B6E2B9BD2ABC"
"C:\aureon-swarm\agents\agent_18\mission_agent_18.json","308736698921DAC07381F4EDCD9763D8024696F863955BDC1B5E4E75FECCC3D8"
"C:\aureon-swarm\agents\agent_18\run_agent.py","AFD4C25124A78A9B7265C85F0FFF8BA03B2275A4CD01E26B44E561C1D050414B"
"C:\aureon-swarm\agents\agent_18\run_zeta.py","83C6900D0C689EEE16B168A327D0271595C174DFAAE0B3E33FE0437E0A67DBDD"
"C:\aureon-swarm\agents\agent_18\TASK.txt","70B54CB81AE9B949AB977963591C2BA996A01D1F9C6FFDF396FB305440E40FB5"
"C:\aureon-swarm\agents\agent_18\__main__.py","1479DD8160FAA4FDE5DA5B27C64AC7F77447B25647AFAD8B41C4FBE54F216841"
"C:\aureon-swarm\agents\agent_19\mission_agent_19.json","E1583BFA3382283E7B2530CE7DCF9776304B9CC9A74AE6976E897C508771DDF1"
"C:\aureon-swarm\agents\agent_19\run_agent.py","4A21C46FF25130A54D034DAC0D039F0FC976F4F3934041F8957ED23F6AF3E85D"
"C:\aureon-swarm\agents\agent_19\run_zeta.py","A59ECBF83508C18224FF6127D736EFAD4C70B3760E8563C86CCCF93A51779A45"
"C:\aureon-swarm\agents\agent_19\TASK.txt","704714C657ECF6A495968B1B06619EAA85838D8793246D6ECB364AE35AC30273"
"C:\aureon-swarm\agents\agent_19\__main__.py","5818263567FAB9BCBC211E057663805BDC92E52948CD9AFC3F6376F36FDBC7AF"
"C:\aureon-swarm\agents\agent_2\mission_agent_2.json","76C2CEA0CB53AF62AA4700E18618E29B1E77544B90E86A9AAA6E2C5BF502C18D"
"C:\aureon-swarm\agents\agent_2\run_agent.py","EC431E4EBB31191A8DAB84379445CCF833FA1D2A8D595F1A2EC06FF1DD558359"
"C:\aureon-swarm\agents\agent_2\run_zeta.py","146ABFF9641CDFFD9355720A02E00D44C72936D4016948DAB60F578F1E28D21F"
"C:\aureon-swarm\agents\agent_2\TASK.txt","623206C55C67C75AB058701194B44992EF62286C70839F9F15F661FA16CD95A2"
"C:\aureon-swarm\agents\agent_20\mission_agent_20.json","5C3C2D587178FBF766669682035798AF4B251FB71942C1840E176F3BD0BA05ED"
"C:\aureon-swarm\agents\agent_20\run_agent.py","BD4F45EF2378C0C54265B2AF0067F65ED439C32DA274CB0339F3BA5812CD5213"
"C:\aureon-swarm\agents\agent_20\run_zeta.py","8AC2ACC7FF9FD6445D63A4C851888980AF46998F46FE1B98885BF276207D2B84"
"C:\aureon-swarm\agents\agent_20\TASK.txt","0B8D327CF8D33FE3F0C27CFEA654FEC70B552A1F2C4930F1DFB98AEFC1BA04E1"
"C:\aureon-swarm\agents\agent_20\__main__.py","2749E25237E6C7D7BF816894CCB1F057450BFEC4579AF421B68CC4BF602D5C45"
"C:\aureon-swarm\agents\agent_21\mission_agent_21.json","699262564A84252FB6190F93F0A911ED76D488AE2CE03543DBD6037DB52FF690"
"C:\aureon-swarm\agents\agent_21\run_agent.py","C3CB7443CBE83C5AA065EFD4FB97756409E89104626F0E37D683DB8367A2761E"
"C:\aureon-swarm\agents\agent_21\run_zeta.py","775CAA3699FC4F0D0D112116273D5D8FBFF4D9BE972B29745305D9C6C4F1C87B"
"C:\aureon-swarm\agents\agent_21\TASK.txt","A0A33FA13123F3E2860754D8C41D5D0793F9AFF5C5CE15D9975B3127AAF4FD9C"
"C:\aureon-swarm\agents\agent_21\__main__.py","14F5203B7AE69DFAEDE728C35A5BD55CF128B7CEBFE83A2F99B6625741CE3B6F"
"C:\aureon-swarm\agents\agent_22\mission_agent_22.json","1A04BD1275F08A4A455C85CDE3E77006C814D9234258B2724F8121764151622B"
"C:\aureon-swarm\agents\agent_22\run_agent.py","FDB4894F538DAE0BCC7FDFFA3E0448AAFC004FCE31A3B45867D248A106654C88"
"C:\aureon-swarm\agents\agent_22\run_zeta.py","051165C03CAC2AB121F782763E7ECDF4170D596F3B376A4EAEC3C26F7BC149B7"
"C:\aureon-swarm\agents\agent_22\TASK.txt","237C419FE9604CC176F0B33ACBAA523170AA87BA6E306A69CD717BA898AA2608"
"C:\aureon-swarm\agents\agent_22\__main__.py","2733DA6A39636B60530BB15FF5D215016AD15C4AD0E49AD63F5B6C0ADE8BB433"
"C:\aureon-swarm\agents\agent_23\mission_agent_23.json","6E8FA3CD9F9EF6B0F05B67533B8434D70A2B5FF07C830589165E033F48723BD1"
"C:\aureon-swarm\agents\agent_23\run_agent.py","30F9DBC199938C9152D7CA3BC34E13FC40B6C62B1F5F603D79D840530419A5EA"
"C:\aureon-swarm\agents\agent_23\run_zeta.py","118AED9079491B276582B2A560C1EEE237FE6925BA29EBC244AB1205EC377F57"
"C:\aureon-swarm\agents\agent_23\TASK.txt","5CCC88147038E7AE522CE5AC5C95C95EA73DF0DAA4AA5945068555C882BDC7D3"
"C:\aureon-swarm\agents\agent_23\__main__.py","FF612BD9A1A5F4B2462479ECCD8485AAABA3FCBFC99ECEA57F34192A12C3755B"
"C:\aureon-swarm\agents\agent_24\mission_agent_24.json","5791ED6816640C89EDB6F493E5919F879B40449AD01E424319E760BA5C99B3CE"
"C:\aureon-swarm\agents\agent_24\run_agent.py","BA3F8BF1E5EDF97E323FB01D32B460C4EB89569C231DE7AFBF9F8460531D22CE"
"C:\aureon-swarm\agents\agent_24\run_zeta.py","A6275B9B46337612768C4D5AB58B98662F658C9018B98DA3D61D8706ED319518"
"C:\aureon-swarm\agents\agent_24\TASK.txt","70A943D533166F6D77C067DF7C66942647E8445910EBA4C0E8CF7525066B411E"
"C:\aureon-swarm\agents\agent_24\__main__.py","A7F7D0AC971D691B1B192D507702A24B96BA5546BF09FC6E078AF821B8AC09E4"
"C:\aureon-swarm\agents\agent_25\mission_agent_25.json","212A073F811BDC75F1FF665FE306F2AD949CFCA125816EAE4795A0D7FFD1FA57"
"C:\aureon-swarm\agents\agent_25\run_agent.py","3112E6962667DA8DEDF67AD6C56338B587E101B331523A060CC73452F2CB72AC"
"C:\aureon-swarm\agents\agent_25\run_zeta.py","0D67229C20FA153570544AFAA6ECF3CB26F514DE17213E5DB2CDA121A44B79F1"
"C:\aureon-swarm\agents\agent_25\TASK.txt","2D0F62E658917D3640BA5FCC6B7555D879CEF530001606AE351BD6FEB94AA421"
"C:\aureon-swarm\agents\agent_25\__main__.py","3BCFC9E5EAAA4CC228E286CD0CBC01606C1DB27AE4FA558E4FA68387441DC7C5"
"C:\aureon-swarm\agents\agent_26\mission_agent_26.json","669C70C29136E8DD1652BC52C9E8AB4F48AC1511136C9307F951CB26A8C5D8FB"
"C:\aureon-swarm\agents\agent_26\run_agent.py","71998011251110577C5248A60B7A14C46C515463957819D6A255B83A212661FF"
"C:\aureon-swarm\agents\agent_26\run_zeta.py","B013856E303D9ED4F0D87FE0B0A91D3B527E17136F6C1788B9930E03F1FA0464"
"C:\aureon-swarm\agents\agent_26\TASK.txt","C24997866CFDB084E92E3FE53ACEAE27E22B6040A7182B738CDF1131231E7107"
"C:\aureon-swarm\agents\agent_26\__main__.py","EF0B757B806136B1F45FD241CEF1F4E7FB84CF3D26E1DFFDFC634DB75FADB895"
"C:\aureon-swarm\agents\agent_27\mission_agent_27.json","7C62D3CCE6E641757BFD1B5D04BB57103247DBFA1B20002003B6E26408A22A8C"
"C:\aureon-swarm\agents\agent_27\run_agent.py","349F8318AEB909FE8C02CB4E38C363FDCF3AD83D8366C5F702790AB92F39E479"
"C:\aureon-swarm\agents\agent_27\run_zeta.py","FAE5953D4EB263F2FF2BAD615BDDF36CD0BB81D4453ED031C8CEBF4EDF27BB19"
"C:\aureon-swarm\agents\agent_27\TASK.txt","9C5529D21907C905DCB0676E44118DD24C6EECD06E0D31D82565FC98CB53F2BE"
"C:\aureon-swarm\agents\agent_27\__main__.py","46972DF37C2E184543563DB869C1125BC4BF3D1D956A5C1862197B794E6C58B5"
"C:\aureon-swarm\agents\agent_28\mission_agent_28.json","63340DE08951531BE0FD9F0760BD33FE16EDF5C46AC6806361396B1797076C81"
"C:\aureon-swarm\agents\agent_28\run_agent.py","8CA59EC0B8D869BB8369491AC41E533E62A474829D44875C414B6B6A3193FE8B"
"C:\aureon-swarm\agents\agent_28\run_zeta.py","EEDFC62C8D2D4D99484EF6A67324BED1B247CEB9B294AE605F982F93AAE252AC"
"C:\aureon-swarm\agents\agent_28\TASK.txt","B79BDEF59FF59810F5B9D6ACAD4F25DC29F26040D80E4D57B60AD9922BFA13C6"
"C:\aureon-swarm\agents\agent_28\__main__.py","88729AD3DF381A30EE919847EC5AECA15EBCE29A4A04030709FCF8F7E4809C6E"
"C:\aureon-swarm\agents\agent_29\mission_agent_29.json","FABFE4D9EBEE475869E73F1AD3CA2F873AB0B6DC461CBEBCBB9638D54AD0FDAE"
"C:\aureon-swarm\agents\agent_29\run_agent.py","45D8302B1AC8F17CB2F836F77E7388F8FD68E909B2CF2C6ACD3187908CFC8F48"
"C:\aureon-swarm\agents\agent_29\run_zeta.py","73BDEF2E034BFEDD321568E55B2CEB0187AC6BC3575346B118F24ECEF8DA875D"
"C:\aureon-swarm\agents\agent_29\TASK.txt","E9B547355ED1139440C341D51E7C5734BD0D34E19AA7FFC9C6A4ECF873039417"
"C:\aureon-swarm\agents\agent_29\__main__.py","3D2FC856865FE0947D7DE0077AC9CA791DA70DB5AA1F5A05DD34E844D5D4F5F5"
"C:\aureon-swarm\agents\agent_3\mission_agent_3.json","8D250D9075A28BBA663B60BF2C9CC8E346841ADAD58A5B4E424551280308188D"
"C:\aureon-swarm\agents\agent_3\run_agent.py","C7C9DF7FAF501F94400D7D213CB52B9B70A235F7529CE0F74FAB603C20C6988F"
"C:\aureon-swarm\agents\agent_3\run_zeta.py","41F89E1B522161E9033BD37551CE7508DA3C8CF8F4397DD845EDFD2CCE12D9FB"
"C:\aureon-swarm\agents\agent_3\TASK.txt","0DC1D382AA9FA8B5F978C1CDD01326B35C62398814086B3D1CA25D72497C4ED8"
"C:\aureon-swarm\agents\agent_30\mission_agent_30.json","13D64F9270607352DAC2665AB2214A1C1ADB4C05EDA701043D709269B8C6DA25"
"C:\aureon-swarm\agents\agent_30\run_agent.py","83F5688BC28B556E447C9A6BDCFB9AA395A526221B7BAECB42D3960B9CC0AE02"
"C:\aureon-swarm\agents\agent_30\run_zeta.py","9242F695A3EB61EA60D58598F4DF40C7C3697690460724F8A10BB0A771B69E21"
"C:\aureon-swarm\agents\agent_30\TASK.txt","5DD7F4A484F363DC7522B214F0BE677328685B10ACEC8E4D91506A3ABA0D3268"
"C:\aureon-swarm\agents\agent_30\__main__.py","9FD22D187242105A926FBC9D9C2554E09E5C3500729AE170CB9CF8C880179BBA"
"C:\aureon-swarm\agents\agent_31\mission_agent_31.json","8764BFA5154D5DDDE5E9367D21E1F47BEEF41754A01E087DFAD68879942DF7FF"
"C:\aureon-swarm\agents\agent_31\run_agent.py","E52E3C8299FEDF2DF6088EE14EA232E30AB6FD9870452BA721D4FC5AF21508A8"
"C:\aureon-swarm\agents\agent_31\run_zeta.py","8B00D90D17C19C3E7842D25C95B6DEF011FC5B993E13273119660C64DA7052E4"
"C:\aureon-swarm\agents\agent_31\TASK.txt","39EB7FC9DDF0A113A8546EAAE39E925A55F1299BAFAB9921E5027C11F8D2B913"
"C:\aureon-swarm\agents\agent_31\__main__.py","EEFF14E94926180D559B4AA4792AD42E2740B5C31570109B90869335B13AED3E"
"C:\aureon-swarm\agents\agent_32\mission_agent_32.json","63890CB2883EB014BE5B61332FD99CE5A9BA75023AC9E95E566AE6EE714ED6F5"
"C:\aureon-swarm\agents\agent_32\run_agent.py","6701E15316604D2FB7EC4EDF7F3692561ECA38CFEF962E071C156B1A85D40B20"
"C:\aureon-swarm\agents\agent_32\run_zeta.py","BF49B4023F0DCB8AE07D3CEACCE91E85F8057B8186AF50555F1EBBF6A760427A"
"C:\aureon-swarm\agents\agent_32\TASK.txt","370318FB93923C9913FF01FE98C7E6BFD25FAB51D37E0889EB9AEE9797E30C22"
"C:\aureon-swarm\agents\agent_32\__main__.py","8C1A9EB84DE3BE0A8F6FFC36857461CF74B2577C030EE089AD456F007FA66F92"
"C:\aureon-swarm\agents\agent_33\mission_agent_33.json","C159EEE94301C11E6548A1608612B1719CB99C26CBEDD15D9031A756E52660B9"
"C:\aureon-swarm\agents\agent_33\run_agent.py","CC55FD6EF68165C65106E7BF6B73C27690256F27487D13E4A9FFD09AD0D664E6"
"C:\aureon-swarm\agents\agent_33\run_zeta.py","F8D62CD1E22F4A3BA8B02484DC39E391D48EFBB49F40530C10EB8D879A79052A"
"C:\aureon-swarm\agents\agent_33\TASK.txt","FF4347EEC6335D2AF251866E14C04108012D34271D7CB891E2EBD505459F977F"
"C:\aureon-swarm\agents\agent_33\__main__.py","08DCFB7F4A9E142D7DE4019CC39E41DEBDB40910C3694B7AC434D6F5D48FA953"
"C:\aureon-swarm\agents\agent_34\mission_agent_34.json","38F2CD21498BDF7D8EE04899EFA9563D218B2C174BAAD5233753722561B2AB01"
"C:\aureon-swarm\agents\agent_34\run_agent.py","D729F56488E79FB9F4B5E3220353AFF36BC6A8CC76ED5DEFCFB4E023B4ABA22E"
"C:\aureon-swarm\agents\agent_34\run_zeta.py","40917ED9FB3A86EA7AC50B62361EAD23C307296F885E279FC302AB929627DE10"
"C:\aureon-swarm\agents\agent_34\TASK.txt","3F4660C576031620AA8B33341E5104ADA1A847DC1FBBAD469F391BD3C2C3D2CD"
"C:\aureon-swarm\agents\agent_34\__main__.py","6A3B0AA237DB6FC56E1602D938DAAA37B13E3A57170A6D4025E8D7FD83BE5A74"
"C:\aureon-swarm\agents\agent_35\mission_agent_35.json","DDF66E0CB7562B033CA69FF93B04D6C33A0615AF42CCD44E01919267875411A7"
"C:\aureon-swarm\agents\agent_35\run_agent.py","7251978CB15286A82CC3A4AAD0BD280B5A737C28AF965FCCDB2389C0442C5BA9"
"C:\aureon-swarm\agents\agent_35\run_zeta.py","B305048620D0462708B2742E71BC7DF0628EECFA526B1808365C7005860DA82B"
"C:\aureon-swarm\agents\agent_35\TASK.txt","2C8B8329DC56FF70F2A07600045B52259DCF658780B69FBD52E43E4F1CA4F943"
"C:\aureon-swarm\agents\agent_35\__main__.py","53BFE5546A8DC70641B2A80ED351FFF4B0301B3B5AA8360EC3156147A757DEE0"
"C:\aureon-swarm\agents\agent_36\mission_agent_36.json","5508440A2D6479A64DF6AF08938796DB7ECA67CED9D1714990634701C8E7B7DF"
"C:\aureon-swarm\agents\agent_36\run_agent.py","AD146C90A4D1DF99A0B04E82C02E18EBBB5C1E967AC0AE7D1B3601E6A2948452"
"C:\aureon-swarm\agents\agent_36\run_zeta.py","B9657B41D0319E5BCBED08C43EE36E413234ED5EEFACF846CC218BE45D6BF861"
"C:\aureon-swarm\agents\agent_36\TASK.txt","6B93017B9AEF422433B7D8AEBAFB192F3462F770DB860E8E280604B68133424F"
"C:\aureon-swarm\agents\agent_36\__main__.py","26F0DBCDCAAD10612ECE89A15DD9CCCC6CFC22B5FBDF2E4D83955D880CDA4A79"
"C:\aureon-swarm\agents\agent_37\mission_agent_37.json","66E1C458B4216F21CE4DB66FAE81403FFF5A72AF23FBD1693F92C8F75A62F6FF"
"C:\aureon-swarm\agents\agent_37\run_agent.py","AEE7DA3F611FA222AD7461EDA3BDAC8DD83E096A981917CB2B6FAB8A51E651C6"
"C:\aureon-swarm\agents\agent_37\run_zeta.py","23BF0CD32FE3BC37CF67CB9801491831EB51627C25A8FF354D24D1144D2095BB"
"C:\aureon-swarm\agents\agent_37\TASK.txt","AA7CEDCDD38521A6EE3F5775017564B2BC7A3049E6AC116F1E9FE5B329789CF7"
"C:\aureon-swarm\agents\agent_37\__main__.py","A51F74A03029476E78B33854EA10599987EAB267A01FF4EB0111C2AE962C7EFE"
"C:\aureon-swarm\agents\agent_38\mission_agent_38.json","A7ADECAC038111CA639479CCA4F4A06C29E5AF73295ECC4CF997310AFCE8D36C"
"C:\aureon-swarm\agents\agent_38\run_agent.py","C4044BC57D5119F4AB7FB1C369D739D6A0647225009926E20CC4088F8AB7D5B6"
"C:\aureon-swarm\agents\agent_38\run_zeta.py","B0BBEBEBDAEDA6245CBF8FFC43B916DCB43637259F799D88C7808E81DE82C877"
"C:\aureon-swarm\agents\agent_38\TASK.txt","E7D5644101BC73C11A5722C5D53DC7186A4F6CC1796F7AB6BEBFE54E81731F67"
"C:\aureon-swarm\agents\agent_38\__main__.py","653F302F6402E3C3A8355C825CB796F2FA430B1430138043FE60AFAC9196A267"
"C:\aureon-swarm\agents\agent_39\mission_agent_39.json","62B55052ED7B596642A21E7B03C68117B2D1167380B471A56CE52D6F2A75911C"
"C:\aureon-swarm\agents\agent_39\run_agent.py","21CD87A18B55330B53165C65DA9B6534DCADA71908A0F6818FFD70A66F71E39B"
"C:\aureon-swarm\agents\agent_39\run_zeta.py","90E3D19CDC53F23323577065CDE43A70F3A61CBD995483642646A34267E4955A"
"C:\aureon-swarm\agents\agent_39\TASK.txt","71A81ACE9D49E6ABE114BC9B117030D01D404AF49A216CD5916CB266365E8777"
"C:\aureon-swarm\agents\agent_39\__main__.py","E1E9E2CD5DC3587D0F3A749F74EA0966F0A5EEB790A2D477DA63C2C044D9A81B"
"C:\aureon-swarm\agents\agent_4\mission_agent_4.json","301DD1C10DDC45A513DBDC20BC2E7DB76824CF16099935A4EE554754BDF6384B"
"C:\aureon-swarm\agents\agent_4\run_agent.py","D96BE7C1A861E868B3F04F8F53102EEEBAE31965DE9508172A0E625D9286BB37"
"C:\aureon-swarm\agents\agent_4\run_zeta.py","2C767F66B74D72748EBEDA66D2745BD4DCCC31D2428B3823BCBE2EF1DCBC1B3E"
"C:\aureon-swarm\agents\agent_4\TASK.txt","27F4E0EDA65DC362AC4FA6E21765354644F021185E25D489D1896BB01C03FA0A"
"C:\aureon-swarm\agents\agent_40\mission_agent_40.json","21893F26BD66E4CA440C893E2F0398F014E99E370EC55D5C715F2A9C3AE77289"
"C:\aureon-swarm\agents\agent_40\run_agent.py","945424430BB80FB618E21BBA6914EFFBAEF881AC82B3EF24FB00BBC8F350BD4E"
"C:\aureon-swarm\agents\agent_40\run_zeta.py","042DC54DA8B7B1C828F566CD71F006AB398553419CD3B39A5DE5049A67500D74"
"C:\aureon-swarm\agents\agent_40\TASK.txt","8DAB6AF3723A4E17B56A98954E9FACB275D13BF35E2C88A1AECCFEB38DC0A650"
"C:\aureon-swarm\agents\agent_40\__main__.py","6A6B0611C20B8E48F5DFFAF26D4A55BADCE65DA9DAA963B199DDC19584EA32A9"
"C:\aureon-swarm\agents\agent_41\mission_agent_41.json","B18786514D537A4E7EF951980FE5658ABD31A3E6FCBE659AF5FA21495C23A8A9"
"C:\aureon-swarm\agents\agent_41\run_agent.py","CD8671F9B1E8CB1E4295D496DAC02B5F0C8B97CB562B926F3612133DEADE41FF"
"C:\aureon-swarm\agents\agent_41\run_zeta.py","75C2432B839E5197555FF527D766F8178EDCEF2402DD5757E5DA0BD876B61B1E"
"C:\aureon-swarm\agents\agent_41\TASK.txt","910CFA954AC8384F294993DFC51E4579A6A164387610130990E3285529E00D8B"
"C:\aureon-swarm\agents\agent_41\__main__.py","A39573076E10BBF2272DC0F0F4E39B6354B9C141E7B55CEB5F29DA3257B8F901"
"C:\aureon-swarm\agents\agent_42\mission_agent_42.json","38E35AA61521F1DE63AAD750CA92B1F1E06FFDFF033F5F2333CF4B77CCAE99D9"
"C:\aureon-swarm\agents\agent_42\run_agent.py","59B50A593F56896C84459C8CE880690981F818FEE4588C03AC315D0F0B598C84"
"C:\aureon-swarm\agents\agent_42\run_zeta.py","161FB91EB94189CED92B2576C5723667B8BB4B7E48A014866D826942D17B76D4"
"C:\aureon-swarm\agents\agent_42\TASK.txt","33B4C3EFF16EDE2C2648E4C0DFC5A3DD10F1084761AD614F7F8B27195528D056"
"C:\aureon-swarm\agents\agent_42\__main__.py","282481965DC932B0D41F0C6E7D8E923641539E2C79542F60E3488CE9DCC2ECDB"
"C:\aureon-swarm\agents\agent_43\mission_agent_43.json","4C61B2EF5B47BC56168F445485AC4392F3AC11A35AAF8B642089A2E9D4DF34D4"
"C:\aureon-swarm\agents\agent_43\run_agent.py","F6D200C00659D4933C1076D55F652912237DE3FEFA9D0D174A44A768E8139AE9"
"C:\aureon-swarm\agents\agent_43\run_zeta.py","22F2C410608111B178A553D8D55EC8850E2A3AFC7E5BAC8EA14E1248332315CB"
"C:\aureon-swarm\agents\agent_43\TASK.txt","FC85A6314B9FCB2845B25EB48C01181C95AEBAF4C3A0660D56D4FDEFA7832765"
"C:\aureon-swarm\agents\agent_43\__main__.py","4A6213D00B0A4F022F06244EFE77B4A5E2D96AD37B11E65F16FE440F5D73D2BF"
"C:\aureon-swarm\agents\agent_44\mission_agent_44.json","F0654284D5B069BFBB919665555F53DDF8DF5949E5A95EBF7D94D7134F71A169"
"C:\aureon-swarm\agents\agent_44\run_agent.py","E07A270B6CF78D71E9803A0D0722FB8086E30A1152F86A236BDC68CC29DBB88B"
"C:\aureon-swarm\agents\agent_44\run_zeta.py","C8C64B1933794B149872B3CEE8165FFF94AF3ED4E5C261465B93F3E550807E66"
"C:\aureon-swarm\agents\agent_44\TASK.txt","C3EC20C88FE80AE62C73A217EA98CCA5D027158AAE7A6561678EE06DF19AC167"
"C:\aureon-swarm\agents\agent_44\__main__.py","98EAE122DBFE2543B1BA86CC17788F04A5B7F3EE1E1B0BC1F8F2379490A672F2"
"C:\aureon-swarm\agents\agent_45\mission_agent_45.json","CE419296C84336D365BABF257DC5415273002CD9B25F45F7EAD5674E1D04EF17"
"C:\aureon-swarm\agents\agent_45\run_agent.py","01CF4A662EAE3A65917BCB449C604EE9825DF5F315837CA8DFDE65CD0721A212"
"C:\aureon-swarm\agents\agent_45\run_zeta.py","39225E52F99EE980602D7551D49C5F41B7950760A9576A4311D78EF20BA9AD6E"
"C:\aureon-swarm\agents\agent_45\TASK.txt","3193DB203C85CCD5B0200DBACEC113519FDAC572B6A42B22DD438FAF4FC3FE7A"
"C:\aureon-swarm\agents\agent_45\__main__.py","92549CC55FD547B517560F5F9C42FEB442F4BA11322ABBE2016E1DE1C20F08F7"
"C:\aureon-swarm\agents\agent_46\mission_agent_46.json","AD1DCEA8224DFB6174A2888420B2B1E2F45BAEC80CE713C9D15BFE15D1CE9019"
"C:\aureon-swarm\agents\agent_46\run_agent.py","286718810146ECB8A07AC6CE6D9E90B9F89FA3999B54E40208CCCCADDE9D6D5C"
"C:\aureon-swarm\agents\agent_46\run_zeta.py","57894473D0502FD2486C7A207D978B61EE575795F8F5F3EF4F60C0065657ECB3"
"C:\aureon-swarm\agents\agent_46\TASK.txt","79A81B00E7DA790125972CFABE30B90ED0A4C67A774C9A97CE08A691E6B47DCA"
"C:\aureon-swarm\agents\agent_46\__main__.py","AC2FDA643F1FB047DA1E12A7721F665AE3BD598721D544953C4513DF3D376B1B"
"C:\aureon-swarm\agents\agent_47\mission_agent_47.json","BC8B33A9CDDDB2D777273D67089A60EB74663DFBD1231144DAC07D29D0ADA1C4"
"C:\aureon-swarm\agents\agent_47\run_agent.py","F24F5EB818BB703C96363EFDB8F338950FFF43812401ECE37C1435B66F3C78C7"
"C:\aureon-swarm\agents\agent_47\run_zeta.py","09EC1EBDFF75DB58BA641157BCF271EA04D9F86088A422D271F008F4CA661A8F"
"C:\aureon-swarm\agents\agent_47\TASK.txt","2AD87E03C8450E81C9BC705B26FD3BD76499F99A1BCA1C9144E95D9388F7E610"
"C:\aureon-swarm\agents\agent_47\__main__.py","EDBAD58B20D942C2C2CF72211C9023FAD56945A1760141712BB2CEF11D3C52F4"
"C:\aureon-swarm\agents\agent_48\mission_agent_48.json","BAA847F1B434171403CCFE3A379E0F6DA3175933A420656C28E01EB85E19AC17"
"C:\aureon-swarm\agents\agent_48\run_agent.py","9CF6201E27EFF9A84924711F6E6F48355EDCC386EC89AAC3C17B0843573E46ED"
"C:\aureon-swarm\agents\agent_48\run_zeta.py","8249DFD0CBAB0E1B3E7A85C627882D9358ECD83797481193DBF047171CEF70D2"
"C:\aureon-swarm\agents\agent_48\TASK.txt","9D9819380F1394B50B14F1CDE993005733CB218CCD8E14D4223D9EC616BA3433"
"C:\aureon-swarm\agents\agent_48\__main__.py","DF3BA739340C448C93779867C4C2C50BA9C2D45E18A172A42DDB54BBCE3238AE"
"C:\aureon-swarm\agents\agent_49\mission_agent_49.json","29F5CADC54BCC2E85D3A491F6F7932E6BBD733E0D1F493FF448DCE850AAA7334"
"C:\aureon-swarm\agents\agent_49\run_agent.py","297965E07DD3C151909B422E3D283F7DC0F78E9104076A20F0BEBC002C594827"
"C:\aureon-swarm\agents\agent_49\run_zeta.py","C69BFFC68E187377D1E9E7668DF89FA23B948D3392AC901CFDCCE9AA389A6F19"
"C:\aureon-swarm\agents\agent_49\TASK.txt","A13AB5785BBF9F3033EC5F1724989291F2FAE125EA7DBD6AB81CA4FEB01175AB"
"C:\aureon-swarm\agents\agent_49\__main__.py","F38B7560A68FBE1886476892FA7A1C4F2BF724C5E3BC459ED35DE408DD863EEE"
"C:\aureon-swarm\agents\agent_5\mission_agent_5.json","9E521B8BA09CA16DC06167F1FAC5BFBB3FC8DE18203FA88CEDE3F0F947685931"
"C:\aureon-swarm\agents\agent_5\run_agent.py","D05F4B8237DC79C3DCA00EFB986960A8F31ED4054AA4D487B1C20DA3E113810A"
"C:\aureon-swarm\agents\agent_5\run_zeta.py","FF1FE0C9A72E4F412CDC2238218D4D23BFD85B498B353BDAA38234E55536E696"
"C:\aureon-swarm\agents\agent_5\TASK.txt","A69277BF8740624781464ED7FC428AB1882B65DF7FB62170B5DD6A232675111D"
"C:\aureon-swarm\agents\agent_50\mission_agent_50.json","7DC02D66D9E812AF17FB36C41125F3D59D1DA1D410DA571AB8D30A3481CA8E52"
"C:\aureon-swarm\agents\agent_50\run_agent.py","5CAE552B4FA03114EC07256910A2A14ACAA73534601453E1B009D91C87EAF039"
"C:\aureon-swarm\agents\agent_50\run_zeta.py","24870464A3E2FDFBB837E7DCBA9733858F1CC9FAEB0156961344701F860114CF"
"C:\aureon-swarm\agents\agent_50\TASK.txt","DD4C89E38831CB8DDA7B449DD4EF45B1A5736A64DF6B05F87B43517269003EB9"
"C:\aureon-swarm\agents\agent_50\__main__.py","02F679254A4AB517E0D4BE6035A93C5128FC68C87565C4634985DA27B5771A17"
"C:\aureon-swarm\agents\agent_6\mission_agent_6.json","B33A63C8BBA0CF493BADA71A1005693E79E21528ED79FBE38F31B88967AAE0A4"
"C:\aureon-swarm\agents\agent_6\run_agent.py","A2A1AFFB321128C69C353373652612FFA1D6E7D3CBF55392C5D765206DAB5886"
"C:\aureon-swarm\agents\agent_6\run_zeta.py","1146D31ACA9DA610F66E31D7047370A91C5450FBBE340F9A5BD8AE4EDA341AF6"
"C:\aureon-swarm\agents\agent_6\TASK.txt","F2B930125DAC4A4763282C419ADC888C719B5539F5B4772FB4F419454EAEF259"
"C:\aureon-swarm\agents\agent_7\mission_agent_7.json","F15032868766D1A22ACF73DA8855C54D2024AB9D3C01D3C0ECBEFBEBCBDCD964"
"C:\aureon-swarm\agents\agent_7\run_agent.py","3F36DDB47E9A09D4D60B7AF203C02F3E0C9CB262DC2EACF7A5271687F88D15CF"
"C:\aureon-swarm\agents\agent_7\run_zeta.py","4F2332B3004E0F1D36C75E1A235F02ACB99CFE3FB0D31D6C38F5E13730725BC0"
"C:\aureon-swarm\agents\agent_7\TASK.txt","139C7E7D1CFFD182C3E40B44B659BC02C57AC29634503090F19934483A90300D"
"C:\aureon-swarm\agents\agent_8\mission_agent_8.json","B1743B032FAE1F956915DBC1FBBF6A1A59A8CAF8E8B46C9498B51C6E66D381E8"
"C:\aureon-swarm\agents\agent_8\run_agent.py","74C4FBBCB3D405B7A8DF71AA4C43E7F6C4858E1FF10C0021FB87602BAB96C961"
"C:\aureon-swarm\agents\agent_8\run_zeta.py","4BE847A29D73D8F9A134CF6A30C7FC3ECC4F0DECFFA519C27ED5FEC58089A439"
"C:\aureon-swarm\agents\agent_8\TASK.txt","44B2B8E1F386091D277FD461E4ADB6D96C29E71EA328E68FDE378E13F402F87C"
"C:\aureon-swarm\agents\agent_9\mission_agent_9.json","AAB085DB05A30B457842FEC9E1904DAB384812FA36A6ABFF3F049ACF0D037FDE"
"C:\aureon-swarm\agents\agent_9\run_agent.py","90705822CA8750EE62538DFB887C76A7A77DFE97A3BFD9F864FA9B481BBFA68E"
"C:\aureon-swarm\agents\agent_9\run_zeta.py","D765CB14FF936C3F6163F0E1A2D4CBFADC22CF1C89651F3FDCDEE725D8A4C42E"
"C:\aureon-swarm\agents\agent_9\TASK.txt","2E4AB365B503675FDE435F4C42A7B0D0E1C4541B3EBB6B0CF428A6CFD7D2A6E0"
"C:\aureon-swarm\audit_archive\zeros_agent_1.json","48D22D2CB6D8D36B2DD058AA988EB88EEC9C521FBA8163337FEF644DE10AADB9"
"C:\aureon-swarm\audit_archive\zeros_agent_10.json","8198AF85813A34698EB441A409EB250A1BE08FC77B99C6D4A02B16CF5B1640B8"
"C:\aureon-swarm\logs\agent_01.run.log","5A7557E6442AD9136D33FB7E2CE50CC7C10BE905D13919FBEE71C88C9BA1BF1B"
"C:\aureon-swarm\logs\agent_01_run.log","CF4A8AB955F389E44877DE9F6F553230A0F0DF004D4A9BBEC923536845E7AE5C"
"C:\aureon-swarm\logs\agent_02.run.log","5A7557E6442AD9136D33FB7E2CE50CC7C10BE905D13919FBEE71C88C9BA1BF1B"
"C:\aureon-swarm\logs\agent_02_run.log","364EBF6C63866E26DB4FB5463D5FFC43E4BCBBAA07F8316ACD397C0BDFE61549"
"C:\aureon-swarm\logs\agent_03.run.log","5A7557E6442AD9136D33FB7E2CE50CC7C10BE905D13919FBEE71C88C9BA1BF1B"
"C:\aureon-swarm\logs\agent_03_run.log","09A50661A90A87FEC67CBEA9F6F03315ADA0E0A4B1C7287F0C58DC9C9AEC3E19"
"C:\aureon-swarm\logs\agent_04.run.log","5A7557E6442AD9136D33FB7E2CE50CC7C10BE905D13919FBEE71C88C9BA1BF1B"
"C:\aureon-swarm\logs\agent_04_run.log","ECB5A3C3520FA3640DD773AD9A8497C5DF5475BA58B0715B9504E69F47CE1F22"
"C:\aureon-swarm\logs\agent_05.run.log","5A7557E6442AD9136D33FB7E2CE50CC7C10BE905D13919FBEE71C88C9BA1BF1B"
"C:\aureon-swarm\logs\agent_05_run.log","EBC4DC37BDDCC1EC93F3A74B50ED0E9C98B284074E0E591BD37FF668639499DD"
"C:\aureon-swarm\logs\agent_06.run.log","5A7557E6442AD9136D33FB7E2CE50CC7C10BE905D13919FBEE71C88C9BA1BF1B"
"C:\aureon-swarm\logs\agent_06_run.log","6C33729C8A39FA873D48BF5F937C7DEF420F075ADB819DBA89123A3DBC32935C"
"C:\aureon-swarm\logs\agent_07.run.log","5A7557E6442AD9136D33FB7E2CE50CC7C10BE905D13919FBEE71C88C9BA1BF1B"
"C:\aureon-swarm\logs\agent_07_run.log","455B3FBF9ED387F18404AB34783AC7F00ABE824BE424849FC309D204B640CFDE"
"C:\aureon-swarm\logs\agent_08.run.log","5A7557E6442AD9136D33FB7E2CE50CC7C10BE905D13919FBEE71C88C9BA1BF1B"
"C:\aureon-swarm\logs\agent_08_run.log","8891E8D855D71C93819B5057C9A2F6B121B2854D91E40516C6A690AC16A760FD"
"C:\aureon-swarm\logs\agent_09.run.log","5A7557E6442AD9136D33FB7E2CE50CC7C10BE905D13919FBEE71C88C9BA1BF1B"
"C:\aureon-swarm\logs\agent_09_run.log","551BA431580AC7F51EF4F1FE0F4D6AF2945411974B466B4110FD1EB0CACF5813"
"C:\aureon-swarm\logs\agent_10.run.log","5A7557E6442AD9136D33FB7E2CE50CC7C10BE905D13919FBEE71C88C9BA1BF1B"
"C:\aureon-swarm\logs\agent_10_run.log","CE1552C3C62AB67B92B49A3F6788E53DBD26ADAABC084CAFEC7D21276B46D362"
"C:\aureon-swarm\logs\agent_11.run.log","5A7557E6442AD9136D33FB7E2CE50CC7C10BE905D13919FBEE71C88C9BA1BF1B"
"C:\aureon-swarm\logs\agent_11_run.log","F17376D554608806A6E71547F64C13F13230083121C984B561E083B43E853870"
"C:\aureon-swarm\logs\agent_12.run.log","5A7557E6442AD9136D33FB7E2CE50CC7C10BE905D13919FBEE71C88C9BA1BF1B"
"C:\aureon-swarm\logs\agent_12_run.log","0C067136200BDD32EB012763761A78DAFB268BE8CEF00FFF46CCD0ECE6325514"
"C:\aureon-swarm\logs\agent_13.run.log","5A7557E6442AD9136D33FB7E2CE50CC7C10BE905D13919FBEE71C88C9BA1BF1B"
"C:\aureon-swarm\logs\agent_13_run.log","86638CA1426B02C00455AA1B51E0FA582C5512E5EDB86C72C200DDF006C555C4"
"C:\aureon-swarm\logs\agent_14.run.log","5A7557E6442AD9136D33FB7E2CE50CC7C10BE905D13919FBEE71C88C9BA1BF1B"
"C:\aureon-swarm\logs\agent_14_run.log","C04662FDB97683055B196728A8A07A32269A3932DE6073F9E710E0C711151F60"
"C:\aureon-swarm\logs\agent_15.run.log","5A7557E6442AD9136D33FB7E2CE50CC7C10BE905D13919FBEE71C88C9BA1BF1B"
"C:\aureon-swarm\logs\agent_15_run.log","D652DA6D35911C0B0CB1BCEE93E57B766EFE90C272CD61B6C3C82BEAD2CD4B3F"
"C:\aureon-swarm\logs\agent_16.run.log","5A7557E6442AD9136D33FB7E2CE50CC7C10BE905D13919FBEE71C88C9BA1BF1B"
"C:\aureon-swarm\logs\agent_16_run.log","DF2FB85571DBE8F7842270DF845AA8A23321AF40F9305C57332887B2B28D2351"
"C:\aureon-swarm\logs\agent_17.run.log","5A7557E6442AD9136D33FB7E2CE50CC7C10BE905D13919FBEE71C88C9BA1BF1B"
"C:\aureon-swarm\logs\agent_17_run.log","48401DF9F22BA3FA4C93B5B43CE9FD6CA2AAF5474C0CA082471DFFE4A9650798"
"C:\aureon-swarm\logs\agent_18.run.log","5A7557E6442AD9136D33FB7E2CE50CC7C10BE905D13919FBEE71C88C9BA1BF1B"
"C:\aureon-swarm\logs\agent_18_run.log","88427926A9AA1C925B92574F2E080D13D2E3B777CC283129912B3E17A5435907"
"C:\aureon-swarm\logs\agent_19.run.log","5A7557E6442AD9136D33FB7E2CE50CC7C10BE905D13919FBEE71C88C9BA1BF1B"
"C:\aureon-swarm\logs\agent_19_run.log","66AE9368A60C46578501F97B4B4012E982B91AF40F32D3B71F3E55DE04326305"
"C:\aureon-swarm\logs\agent_20.run.log","5A7557E6442AD9136D33FB7E2CE50CC7C10BE905D13919FBEE71C88C9BA1BF1B"
"C:\aureon-swarm\logs\agent_20_run.log","60C1EC2A4A667ABB4B840697083A278DFF1F15A73C97593ADFE9FCB86A61D88E"
"C:\aureon-swarm\logs\agent_21.run.log","5A7557E6442AD9136D33FB7E2CE50CC7C10BE905D13919FBEE71C88C9BA1BF1B"
"C:\aureon-swarm\logs\agent_21_run.log","BA55F76EE1F9638C26780666A21E1B7740A6037738114538413AE421505773CE"
"C:\aureon-swarm\logs\agent_22.run.log","5A7557E6442AD9136D33FB7E2CE50CC7C10BE905D13919FBEE71C88C9BA1BF1B"
"C:\aureon-swarm\logs\agent_22_run.log","314B00D57CE5EE06345227939A742DB4F88FE724F2387B63F679BAE7EAA76FDC"
"C:\aureon-swarm\logs\agent_23.run.log","5A7557E6442AD9136D33FB7E2CE50CC7C10BE905D13919FBEE71C88C9BA1BF1B"
"C:\aureon-swarm\logs\agent_23_run.log","66B7B0C7BA0BDB0E2F2EDB4F0A9CB4F09E1A3157178BBA4361D8C6CBA4ED5918"
"C:\aureon-swarm\logs\agent_24.run.log","5A7557E6442AD9136D33FB7E2CE50CC7C10BE905D13919FBEE71C88C9BA1BF1B"
"C:\aureon-swarm\logs\agent_24_run.log","FE81F03C173C3564246A578146F79763179DD041D84E44E0C2A7FB7A987D0D49"
"C:\aureon-swarm\logs\agent_25.run.log","5A7557E6442AD9136D33FB7E2CE50CC7C10BE905D13919FBEE71C88C9BA1BF1B"
"C:\aureon-swarm\logs\agent_25_run.log","2C7AE57E9AC44A11355E8BFEA7E4719FF2934985B59C10E62E18AC7B5491CB89"
"C:\aureon-swarm\logs\agent_26.run.log","5A7557E6442AD9136D33FB7E2CE50CC7C10BE905D13919FBEE71C88C9BA1BF1B"
"C:\aureon-swarm\logs\agent_26_run.log","4A122194C082B51D54305789BA5BEF60D0F1D7C760CFFCB263A3D6981FFD3A83"
"C:\aureon-swarm\logs\agent_27.run.log","5A7557E6442AD9136D33FB7E2CE50CC7C10BE905D13919FBEE71C88C9BA1BF1B"
"C:\aureon-swarm\logs\agent_27_run.log","73AAA8541825F3D051B619640317CEFE7D1FA50CBE8A852B748758FA7BC7B07A"
"C:\aureon-swarm\logs\agent_28.run.log","5A7557E6442AD9136D33FB7E2CE50CC7C10BE905D13919FBEE71C88C9BA1BF1B"
"C:\aureon-swarm\logs\agent_28_run.log","73B8494F3789A974CFD53133DBB90F1D4CDD64AB14371AC47D3D1239CE38EDF9"
"C:\aureon-swarm\logs\agent_29.run.log","5A7557E6442AD9136D33FB7E2CE50CC7C10BE905D13919FBEE71C88C9BA1BF1B"
"C:\aureon-swarm\logs\agent_29_run.log","B74767191FADA4509BD0CF17539976174887B853C751CCE70D2B80C9F3B7B94D"
"C:\aureon-swarm\logs\agent_30.run.log","5A7557E6442AD9136D33FB7E2CE50CC7C10BE905D13919FBEE71C88C9BA1BF1B"
"C:\aureon-swarm\logs\agent_30_run.log","94EC884FB3DE78591C69CC588A863B1575F6DE989D368559D2E66A770356A01F"
"C:\aureon-swarm\logs\agent_31.run.log","5A7557E6442AD9136D33FB7E2CE50CC7C10BE905D13919FBEE71C88C9BA1BF1B"
"C:\aureon-swarm\logs\agent_31_run.log","F0E3BA0991EA197D25D35E81A6AFB2DE6FCAC1381196A51F6A9A1A7D1156599F"
"C:\aureon-swarm\logs\agent_32.run.log","5A7557E6442AD9136D33FB7E2CE50CC7C10BE905D13919FBEE71C88C9BA1BF1B"
"C:\aureon-swarm\logs\agent_32_run.log","F34F1B745E8C270A5A8D81F42F9DAAF3B73097A47F6CBBD94E5DEED59A60865F"
"C:\aureon-swarm\logs\agent_33.run.log","5A7557E6442AD9136D33FB7E2CE50CC7C10BE905D13919FBEE71C88C9BA1BF1B"
"C:\aureon-swarm\logs\agent_33_run.log","3A6970DAA90A57B1082E0F49D6AD57CC6E7625C1A41906E381673846A0FCF0D4"
"C:\aureon-swarm\logs\agent_34.run.log","5A7557E6442AD9136D33FB7E2CE50CC7C10BE905D13919FBEE71C88C9BA1BF1B"
"C:\aureon-swarm\logs\agent_34_run.log","632D07493A4AF2490A8100BF01875D2ED82388B68F9677816DBC5E38F9251627"
"C:\aureon-swarm\logs\agent_35.run.log","5A7557E6442AD9136D33FB7E2CE50CC7C10BE905D13919FBEE71C88C9BA1BF1B"
"C:\aureon-swarm\logs\agent_35_run.log","459081C31A589A1C6C2BBC220FB87C90088A3D47040AF5587BB2C388F22184F2"
"C:\aureon-swarm\logs\agent_36.run.log","5A7557E6442AD9136D33FB7E2CE50CC7C10BE905D13919FBEE71C88C9BA1BF1B"
"C:\aureon-swarm\logs\agent_36_run.log","E9DD361C314647FCEECE131DDD439D56A0CC8B3926535E1447E0F0C5E9532F2A"
"C:\aureon-swarm\logs\agent_37.run.log","5A7557E6442AD9136D33FB7E2CE50CC7C10BE905D13919FBEE71C88C9BA1BF1B"
"C:\aureon-swarm\logs\agent_37_run.log","B93E0554212B9BB61AE6EBC6A0293DF36CFEAD6248DAA01D315F4A0F7EC6BF39"
"C:\aureon-swarm\logs\agent_38.run.log","5A7557E6442AD9136D33FB7E2CE50CC7C10BE905D13919FBEE71C88C9BA1BF1B"
"C:\aureon-swarm\logs\agent_38_run.log","E9859D769195F1B0C58756C3D4E931E89BCC91DE6456E1EAA6EFE5EDDDD0CE0C"
"C:\aureon-swarm\logs\agent_39.run.log","5A7557E6442AD9136D33FB7E2CE50CC7C10BE905D13919FBEE71C88C9BA1BF1B"
"C:\aureon-swarm\logs\agent_39_run.log","7240012BB3075464E4FDE19CA7C082E8A431B4766CA95A526128A135CA1464A8"
"C:\aureon-swarm\logs\agent_40.run.log","5A7557E6442AD9136D33FB7E2CE50CC7C10BE905D13919FBEE71C88C9BA1BF1B"
"C:\aureon-swarm\logs\agent_40_run.log","911BF589ACACEFCE05C75B81D4278D3914C7200C6455A82D32A72B3EC349171A"
"C:\aureon-swarm\logs\agent_41.run.log","5A7557E6442AD9136D33FB7E2CE50CC7C10BE905D13919FBEE71C88C9BA1BF1B"
"C:\aureon-swarm\logs\agent_41_run.log","69CAAFEADEDDC169EA14EA55DB0C63B9681250CAED360CAAC80A056208235A31"
"C:\aureon-swarm\logs\agent_42.run.log","5A7557E6442AD9136D33FB7E2CE50CC7C10BE905D13919FBEE71C88C9BA1BF1B"
"C:\aureon-swarm\logs\agent_42_run.log","DCE4BE90AFB8BDB2DBBBB710DCFAE7FACD30BE431C3E74DE4A493F5FC8400813"
"C:\aureon-swarm\logs\agent_43.run.log","5A7557E6442AD9136D33FB7E2CE50CC7C10BE905D13919FBEE71C88C9BA1BF1B"
"C:\aureon-swarm\logs\agent_43_run.log","A1BBEF0A9CB7A52060A81790702D7365232C737892B472896467DC894B9A4E40"
"C:\aureon-swarm\logs\agent_44.run.log","5A7557E6442AD9136D33FB7E2CE50CC7C10BE905D13919FBEE71C88C9BA1BF1B"
"C:\aureon-swarm\logs\agent_44_run.log","6544675D8BE96CEAD7D1602D654AF883592091D6B9D694791224EAA749576F3A"
"C:\aureon-swarm\logs\agent_45.run.log","5A7557E6442AD9136D33FB7E2CE50CC7C10BE905D13919FBEE71C88C9BA1BF1B"
"C:\aureon-swarm\logs\agent_45_run.log","9C7C6221E5C43EAA1A1222EB351E0D19E75FF34BD47129469BC155B3239EE3CB"
"C:\aureon-swarm\logs\agent_46.run.log","5A7557E6442AD9136D33FB7E2CE50CC7C10BE905D13919FBEE71C88C9BA1BF1B"
"C:\aureon-swarm\logs\agent_46_run.log","BAE8F54E3670B3A628FEB55244D2B34B044267F6E025EBE2C3D81BF317FCA6A9"
"C:\aureon-swarm\logs\agent_47.run.log","5A7557E6442AD9136D33FB7E2CE50CC7C10BE905D13919FBEE71C88C9BA1BF1B"
"C:\aureon-swarm\logs\agent_47_run.log","592E9A3CD20AEC3304BFB4FDF0C0F0FD7F3F9799AC4D076B708F7E88C81176F8"
"C:\aureon-swarm\logs\agent_48.run.log","5A7557E6442AD9136D33FB7E2CE50CC7C10BE905D13919FBEE71C88C9BA1BF1B"
"C:\aureon-swarm\logs\agent_48_run.log","0EABBB0CB2843086AD70B8703897C95ED322286FFA531EFA09359F90D98A5B83"
"C:\aureon-swarm\logs\agent_49.run.log","5A7557E6442AD9136D33FB7E2CE50CC7C10BE905D13919FBEE71C88C9BA1BF1B"
"C:\aureon-swarm\logs\agent_49_run.log","20550A914688A805E1BFDD79A42E3E629175BDC31EAFCC86782A09EB8893C049"
"C:\aureon-swarm\logs\agent_50.run.log","5A7557E6442AD9136D33FB7E2CE50CC7C10BE905D13919FBEE71C88C9BA1BF1B"
"C:\aureon-swarm\logs\agent_50_run.log","D8409E4AF6B04F6B76B7A009BE854189F124741D9F9A0252BEAEC9E085B893B6"
"C:\aureon-swarm\logs\AGENT_OUTPUT_RANKING.txt","F7CFAA470B3400A0D64B11AEFD92E247B2C835F7AAB4B2E08C99C40A587F44A0"
"C:\aureon-swarm\logs\mission_agent_01.json","B405228B868B368AE92777A8AA6C8031147CBD8577E34DECC3E6D480F42011D8"
"C:\aureon-swarm\logs\mission_agent_02.json","0368593B2BE628194B642035A6804DAAFB049C1DD4E9E150EC33B95F0C5F64A4"
"C:\aureon-swarm\logs\mission_agent_03.json","9B301301F66F1252B711B79B52914185CF547C2791CEDF9EFDC76F8E3833630A"
"C:\aureon-swarm\logs\mission_agent_04.json","A41606643DF3FFF7F785FD633AB633FBB1941475A16C3298E2BDCAC31FE8DE10"
"C:\aureon-swarm\logs\mission_agent_05.json","145FFFB0353D7C1BDBE763B21B88A1B5B2C0A3773AE903FC4F02B579EF9DBCCA"
"C:\aureon-swarm\logs\mission_agent_06.json","D6973727C8ADE3252E8F71DA45ABD89C88E41ADE4D2FD4AFC1C9597A2A18BBC3"
"C:\aureon-swarm\logs\mission_agent_07.json","B74AE8D4D945CD17AE1AE48BC01F646A8B163009A70C6CA05F5853176816E418"
"C:\aureon-swarm\logs\mission_agent_08.json","F819D0FEA74369A36697B9D784AD919C4FE8AFE8EB28D85536E7B9AEC3CC9382"
"C:\aureon-swarm\logs\mission_agent_09.json","006787B3061543442E82266DDBB30A2B4C5BD0D2CC0B87D4CEBE6DE794F7E04F"
"C:\aureon-swarm\logs\mission_agent_1.json","4CB1689E3B3F8205B70F9EFC5477497EC09EC9A18157191F67E49C041DFD775B"
"C:\aureon-swarm\logs\mission_agent_10.json","ADFAED7F58AC1A9E1519268073F85E8FA4227EEC8A6F063D397DB7621BA62B11"
"C:\aureon-swarm\logs\mission_agent_11.json","CF1055BB7A09022F9497F42EF67E6134727CB4EE3233E7C787CA14B164437FB6"
"C:\aureon-swarm\logs\mission_agent_12.json","6EB5829ABBEF4752350EE6AA1FCD66E9361F3FEBCF7DA3964ABDA30899839411"
"C:\aureon-swarm\logs\mission_agent_13.json","DC9F624B8D66C0158EB3975DD4C807095D00F4C5B76F5BF9197FD9080D56FA02"
"C:\aureon-swarm\logs\mission_agent_14.json","CF26B6A3F6D0CA88CAC9206066C2D04E4B10431FCF8D3C7F8256B96AE96E1938"
"C:\aureon-swarm\logs\mission_agent_15.json","077E9C1D9DCC3C803D4B70566E07944F4CCC144472693718F9E1003F6D81FDCE"
"C:\aureon-swarm\logs\mission_agent_16.json","E1CB438982658CA25BA1824E65976BA24F8AF6EC60F1E28E3AF003F23A4C706F"
"C:\aureon-swarm\logs\mission_agent_17.json","1F9C9757A7F470DDDDC85CE69F912ABFF5970F52DE85076880E6490A9D5CAE33"
"C:\aureon-swarm\logs\mission_agent_18.json","308736698921DAC07381F4EDCD9763D8024696F863955BDC1B5E4E75FECCC3D8"
"C:\aureon-swarm\logs\mission_agent_19.json","E1583BFA3382283E7B2530CE7DCF9776304B9CC9A74AE6976E897C508771DDF1"
"C:\aureon-swarm\logs\mission_agent_2.json","76C2CEA0CB53AF62AA4700E18618E29B1E77544B90E86A9AAA6E2C5BF502C18D"
"C:\aureon-swarm\logs\mission_agent_20.json","5C3C2D587178FBF766669682035798AF4B251FB71942C1840E176F3BD0BA05ED"
"C:\aureon-swarm\logs\mission_agent_21.json","699262564A84252FB6190F93F0A911ED76D488AE2CE03543DBD6037DB52FF690"
"C:\aureon-swarm\logs\mission_agent_22.json","1A04BD1275F08A4A455C85CDE3E77006C814D9234258B2724F8121764151622B"
"C:\aureon-swarm\logs\mission_agent_23.json","6E8FA3CD9F9EF6B0F05B67533B8434D70A2B5FF07C830589165E033F48723BD1"
"C:\aureon-swarm\logs\mission_agent_24.json","5791ED6816640C89EDB6F493E5919F879B40449AD01E424319E760BA5C99B3CE"
"C:\aureon-swarm\logs\mission_agent_25.json","212A073F811BDC75F1FF665FE306F2AD949CFCA125816EAE4795A0D7FFD1FA57"
"C:\aureon-swarm\logs\mission_agent_26.json","669C70C29136E8DD1652BC52C9E8AB4F48AC1511136C9307F951CB26A8C5D8FB"
"C:\aureon-swarm\logs\mission_agent_27.json","7C62D3CCE6E641757BFD1B5D04BB57103247DBFA1B20002003B6E26408A22A8C"
"C:\aureon-swarm\logs\mission_agent_28.json","63340DE08951531BE0FD9F0760BD33FE16EDF5C46AC6806361396B1797076C81"
"C:\aureon-swarm\logs\mission_agent_29.json","FABFE4D9EBEE475869E73F1AD3CA2F873AB0B6DC461CBEBCBB9638D54AD0FDAE"
"C:\aureon-swarm\logs\mission_agent_3.json","8D250D9075A28BBA663B60BF2C9CC8E346841ADAD58A5B4E424551280308188D"
"C:\aureon-swarm\logs\mission_agent_30.json","13D64F9270607352DAC2665AB2214A1C1ADB4C05EDA701043D709269B8C6DA25"
"C:\aureon-swarm\logs\mission_agent_31.json","8764BFA5154D5DDDE5E9367D21E1F47BEEF41754A01E087DFAD68879942DF7FF"
"C:\aureon-swarm\logs\mission_agent_32.json","63890CB2883EB014BE5B61332FD99CE5A9BA75023AC9E95E566AE6EE714ED6F5"
"C:\aureon-swarm\logs\mission_agent_33.json","C159EEE94301C11E6548A1608612B1719CB99C26CBEDD15D9031A756E52660B9"
"C:\aureon-swarm\logs\mission_agent_34.json","38F2CD21498BDF7D8EE04899EFA9563D218B2C174BAAD5233753722561B2AB01"
"C:\aureon-swarm\logs\mission_agent_35.json","DDF66E0CB7562B033CA69FF93B04D6C33A0615AF42CCD44E01919267875411A7"
"C:\aureon-swarm\logs\mission_agent_36.json","5508440A2D6479A64DF6AF08938796DB7ECA67CED9D1714990634701C8E7B7DF"
"C:\aureon-swarm\logs\mission_agent_37.json","66E1C458B4216F21CE4DB66FAE81403FFF5A72AF23FBD1693F92C8F75A62F6FF"
"C:\aureon-swarm\logs\mission_agent_38.json","A7ADECAC038111CA639479CCA4F4A06C29E5AF73295ECC4CF997310AFCE8D36C"
"C:\aureon-swarm\logs\mission_agent_39.json","62B55052ED7B596642A21E7B03C68117B2D1167380B471A56CE52D6F2A75911C"
"C:\aureon-swarm\logs\mission_agent_4.json","301DD1C10DDC45A513DBDC20BC2E7DB76824CF16099935A4EE554754BDF6384B"
"C:\aureon-swarm\logs\mission_agent_40.json","21893F26BD66E4CA440C893E2F0398F014E99E370EC55D5C715F2A9C3AE77289"
"C:\aureon-swarm\logs\mission_agent_41.json","B18786514D537A4E7EF951980FE5658ABD31A3E6FCBE659AF5FA21495C23A8A9"
"C:\aureon-swarm\logs\mission_agent_42.json","38E35AA61521F1DE63AAD750CA92B1F1E06FFDFF033F5F2333CF4B77CCAE99D9"
"C:\aureon-swarm\logs\mission_agent_43.json","4C61B2EF5B47BC56168F445485AC4392F3AC11A35AAF8B642089A2E9D4DF34D4"
"C:\aureon-swarm\logs\mission_agent_44.json","F0654284D5B069BFBB919665555F53DDF8DF5949E5A95EBF7D94D7134F71A169"
"C:\aureon-swarm\logs\mission_agent_45.json","CE419296C84336D365BABF257DC5415273002CD9B25F45F7EAD5674E1D04EF17"
"C:\aureon-swarm\logs\mission_agent_46.json","AD1DCEA8224DFB6174A2888420B2B1E2F45BAEC80CE713C9D15BFE15D1CE9019"
"C:\aureon-swarm\logs\mission_agent_47.json","BC8B33A9CDDDB2D777273D67089A60EB74663DFBD1231144DAC07D29D0ADA1C4"
"C:\aureon-swarm\logs\mission_agent_48.json","BAA847F1B434171403CCFE3A379E0F6DA3175933A420656C28E01EB85E19AC17"
"C:\aureon-swarm\logs\mission_agent_49.json","29F5CADC54BCC2E85D3A491F6F7932E6BBD733E0D1F493FF448DCE850AAA7334"
"C:\aureon-swarm\logs\mission_agent_5.json","9E521B8BA09CA16DC06167F1FAC5BFBB3FC8DE18203FA88CEDE3F0F947685931"
"C:\aureon-swarm\logs\mission_agent_50.json","7DC02D66D9E812AF17FB36C41125F3D59D1DA1D410DA571AB8D30A3481CA8E52"
"C:\aureon-swarm\logs\mission_agent_6.json","B33A63C8BBA0CF493BADA71A1005693E79E21528ED79FBE38F31B88967AAE0A4"
"C:\aureon-swarm\logs\mission_agent_7.json","F15032868766D1A22ACF73DA8855C54D2024AB9D3C01D3C0ECBEFBEBCBDCD964"
"C:\aureon-swarm\logs\mission_agent_8.json","B1743B032FAE1F956915DBC1FBBF6A1A59A8CAF8E8B46C9498B51C6E66D381E8"
"C:\aureon-swarm\logs\mission_agent_9.json","AAB085DB05A30B457842FEC9E1904DAB384812FA36A6ABFF3F049ACF0D037FDE"
"C:\aureon-swarm\logs\orchestrator_run.log","A6EB259DC931E4EB34A01E09CED1D5FBD88DE1FF910645F926C867B8585161A6"
"C:\aureon-swarm\logs\zeros_agent_1.json","48D22D2CB6D8D36B2DD058AA988EB88EEC9C521FBA8163337FEF644DE10AADB9"
"C:\aureon-swarm\logs\zeros_agent_10.json","8198AF85813A34698EB441A409EB250A1BE08FC77B99C6D4A02B16CF5B1640B8"
"C:\aureon-swarm\logs\_probe.log","5F5EE370A784183ED53221BB80DE646F0648336B1F4D9A5BBF362E7A1BAC76E0"
"C:\aureon-swarm\logs\__main__.rerun.log","D8409E4AF6B04F6B76B7A009BE854189F124741D9F9A0252BEAEC9E085B893B6"
"C:\aureon-swarm\normalized\agent_01.run.norm.txt","A352BA04F88E6F08C5FCA57D5A82D23AA6BB820954A4C8AA7CF02E1F6DB5F55A"
"C:\aureon-swarm\normalized\agent_02.run.norm.txt","A352BA04F88E6F08C5FCA57D5A82D23AA6BB820954A4C8AA7CF02E1F6DB5F55A"
"C:\aureon-swarm\normalized\agent_03.run.norm.txt","A352BA04F88E6F08C5FCA57D5A82D23AA6BB820954A4C8AA7CF02E1F6DB5F55A"
"C:\aureon-swarm\normalized\agent_04.run.norm.txt","A352BA04F88E6F08C5FCA57D5A82D23AA6BB820954A4C8AA7CF02E1F6DB5F55A"
"C:\aureon-swarm\normalized\agent_05.run.norm.txt","A352BA04F88E6F08C5FCA57D5A82D23AA6BB820954A4C8AA7CF02E1F6DB5F55A"
"C:\aureon-swarm\normalized\agent_06.run.norm.txt","A352BA04F88E6F08C5FCA57D5A82D23AA6BB820954A4C8AA7CF02E1F6DB5F55A"
"C:\aureon-swarm\normalized\agent_07.run.norm.txt","A352BA04F88E6F08C5FCA57D5A82D23AA6BB820954A4C8AA7CF02E1F6DB5F55A"
"C:\aureon-swarm\normalized\agent_08.run.norm.txt","A352BA04F88E6F08C5FCA57D5A82D23AA6BB820954A4C8AA7CF02E1F6DB5F55A"
"C:\aureon-swarm\normalized\agent_09.run.norm.txt","A352BA04F88E6F08C5FCA57D5A82D23AA6BB820954A4C8AA7CF02E1F6DB5F55A"
"C:\aureon-swarm\normalized\agent_10.run.norm.txt","A352BA04F88E6F08C5FCA57D5A82D23AA6BB820954A4C8AA7CF02E1F6DB5F55A"
"C:\aureon-swarm\normalized\agent_11.run.norm.txt","A352BA04F88E6F08C5FCA57D5A82D23AA6BB820954A4C8AA7CF02E1F6DB5F55A"
"C:\aureon-swarm\normalized\agent_12.run.norm.txt","A352BA04F88E6F08C5FCA57D5A82D23AA6BB820954A4C8AA7CF02E1F6DB5F55A"
"C:\aureon-swarm\normalized\agent_13.run.norm.txt","A352BA04F88E6F08C5FCA57D5A82D23AA6BB820954A4C8AA7CF02E1F6DB5F55A"
"C:\aureon-swarm\normalized\agent_14.run.norm.txt","A352BA04F88E6F08C5FCA57D5A82D23AA6BB820954A4C8AA7CF02E1F6DB5F55A"
"C:\aureon-swarm\normalized\agent_15.run.norm.txt","A352BA04F88E6F08C5FCA57D5A82D23AA6BB820954A4C8AA7CF02E1F6DB5F55A"
"C:\aureon-swarm\normalized\agent_16.run.norm.txt","A352BA04F88E6F08C5FCA57D5A82D23AA6BB820954A4C8AA7CF02E1F6DB5F55A"
"C:\aureon-swarm\normalized\agent_17.run.norm.txt","A352BA04F88E6F08C5FCA57D5A82D23AA6BB820954A4C8AA7CF02E1F6DB5F55A"
"C:\aureon-swarm\normalized\agent_18.run.norm.txt","A352BA04F88E6F08C5FCA57D5A82D23AA6BB820954A4C8AA7CF02E1F6DB5F55A"
"C:\aureon-swarm\normalized\agent_19.run.norm.txt","A352BA04F88E6F08C5FCA57D5A82D23AA6BB820954A4C8AA7CF02E1F6DB5F55A"
"C:\aureon-swarm\normalized\agent_20.run.norm.txt","A352BA04F88E6F08C5FCA57D5A82D23AA6BB820954A4C8AA7CF02E1F6DB5F55A"
"C:\aureon-swarm\normalized\agent_21.run.norm.txt","A352BA04F88E6F08C5FCA57D5A82D23AA6BB820954A4C8AA7CF02E1F6DB5F55A"
"C:\aureon-swarm\normalized\agent_22.run.norm.txt","A352BA04F88E6F08C5FCA57D5A82D23AA6BB820954A4C8AA7CF02E1F6DB5F55A"
"C:\aureon-swarm\normalized\agent_23.run.norm.txt","A352BA04F88E6F08C5FCA57D5A82D23AA6BB820954A4C8AA7CF02E1F6DB5F55A"
"C:\aureon-swarm\normalized\agent_24.run.norm.txt","A352BA04F88E6F08C5FCA57D5A82D23AA6BB820954A4C8AA7CF02E1F6DB5F55A"
"C:\aureon-swarm\normalized\agent_25.run.norm.txt","A352BA04F88E6F08C5FCA57D5A82D23AA6BB820954A4C8AA7CF02E1F6DB5F55A"
"C:\aureon-swarm\normalized\agent_26.run.norm.txt","A352BA04F88E6F08C5FCA57D5A82D23AA6BB820954A4C8AA7CF02E1F6DB5F55A"
"C:\aureon-swarm\normalized\agent_27.run.norm.txt","A352BA04F88E6F08C5FCA57D5A82D23AA6BB820954A4C8AA7CF02E1F6DB5F55A"
"C:\aureon-swarm\normalized\agent_28.run.norm.txt","A352BA04F88E6F08C5FCA57D5A82D23AA6BB820954A4C8AA7CF02E1F6DB5F55A"
"C:\aureon-swarm\normalized\agent_29.run.norm.txt","A352BA04F88E6F08C5FCA57D5A82D23AA6BB820954A4C8AA7CF02E1F6DB5F55A"
"C:\aureon-swarm\normalized\agent_30.run.norm.txt","A352BA04F88E6F08C5FCA57D5A82D23AA6BB820954A4C8AA7CF02E1F6DB5F55A"
"C:\aureon-swarm\normalized\agent_31.run.norm.txt","A352BA04F88E6F08C5FCA57D5A82D23AA6BB820954A4C8AA7CF02E1F6DB5F55A"
"C:\aureon-swarm\normalized\agent_32.run.norm.txt","A352BA04F88E6F08C5FCA57D5A82D23AA6BB820954A4C8AA7CF02E1F6DB5F55A"
"C:\aureon-swarm\normalized\agent_33.run.norm.txt","A352BA04F88E6F08C5FCA57D5A82D23AA6BB820954A4C8AA7CF02E1F6DB5F55A"
"C:\aureon-swarm\normalized\agent_34.run.norm.txt","A352BA04F88E6F08C5FCA57D5A82D23AA6BB820954A4C8AA7CF02E1F6DB5F55A"
"C:\aureon-swarm\normalized\agent_35.run.norm.txt","A352BA04F88E6F08C5FCA57D5A82D23AA6BB820954A4C8AA7CF02E1F6DB5F55A"
"C:\aureon-swarm\normalized\agent_36.run.norm.txt","A352BA04F88E6F08C5FCA57D5A82D23AA6BB820954A4C8AA7CF02E1F6DB5F55A"
"C:\aureon-swarm\normalized\agent_37.run.norm.txt","A352BA04F88E6F08C5FCA57D5A82D23AA6BB820954A4C8AA7CF02E1F6DB5F55A"
"C:\aureon-swarm\normalized\agent_38.run.norm.txt","A352BA04F88E6F08C5FCA57D5A82D23AA6BB820954A4C8AA7CF02E1F6DB5F55A"
"C:\aureon-swarm\normalized\agent_39.run.norm.txt","A352BA04F88E6F08C5FCA57D5A82D23AA6BB820954A4C8AA7CF02E1F6DB5F55A"
"C:\aureon-swarm\normalized\agent_40.run.norm.txt","A352BA04F88E6F08C5FCA57D5A82D23AA6BB820954A4C8AA7CF02E1F6DB5F55A"
"C:\aureon-swarm\normalized\agent_41.run.norm.txt","A352BA04F88E6F08C5FCA57D5A82D23AA6BB820954A4C8AA7CF02E1F6DB5F55A"
"C:\aureon-swarm\normalized\agent_42.run.norm.txt","A352BA04F88E6F08C5FCA57D5A82D23AA6BB820954A4C8AA7CF02E1F6DB5F55A"
"C:\aureon-swarm\normalized\agent_43.run.norm.txt","A352BA04F88E6F08C5FCA57D5A82D23AA6BB820954A4C8AA7CF02E1F6DB5F55A"
"C:\aureon-swarm\normalized\agent_44.run.norm.txt","A352BA04F88E6F08C5FCA57D5A82D23AA6BB820954A4C8AA7CF02E1F6DB5F55A"
"C:\aureon-swarm\normalized\agent_45.run.norm.txt","A352BA04F88E6F08C5FCA57D5A82D23AA6BB820954A4C8AA7CF02E1F6DB5F55A"
"C:\aureon-swarm\normalized\agent_46.run.norm.txt","A352BA04F88E6F08C5FCA57D5A82D23AA6BB820954A4C8AA7CF02E1F6DB5F55A"
"C:\aureon-swarm\normalized\agent_47.run.norm.txt","A352BA04F88E6F08C5FCA57D5A82D23AA6BB820954A4C8AA7CF02E1F6DB5F55A"
"C:\aureon-swarm\normalized\agent_48.run.norm.txt","A352BA04F88E6F08C5FCA57D5A82D23AA6BB820954A4C8AA7CF02E1F6DB5F55A"
"C:\aureon-swarm\normalized\agent_49.run.norm.txt","A352BA04F88E6F08C5FCA57D5A82D23AA6BB820954A4C8AA7CF02E1F6DB5F55A"
"C:\aureon-swarm\normalized\agent_50.run.norm.txt","A352BA04F88E6F08C5FCA57D5A82D23AA6BB820954A4C8AA7CF02E1F6DB5F55A"
"C:\aureon-swarm\normalized\__main__.rerun.log.norm.txt","AC838F9C537D234F4C54BC3CDD46B56D9058E8DFC3C735D0FEBF3DB0DF8E3B44"
"C:\aureon-swarm\orchestrator\__main__.py","E30BAC65E0E4EABD99D80C03EBDED5E652ABB1FEC7996A5D2490211820359DC1"
"C:\aureon-swarm\RESULTS_VERIFY\orchestrator_run.log","A6EB259DC931E4EB34A01E09CED1D5FBD88DE1FF910645F926C867B8585161A6"
"C:\aureon-swarm\RESULTS_VERIFY\_probe.log","5F5EE370A784183ED53221BB80DE646F0648336B1F4D9A5BBF362E7A1BAC76E0"
